Action,Estimated Action Values,True Action Values,Number of Times Chosen
1,0.9782971619365611,0.9719706514281724,599.0
2,0.6666666666666666,0.6767145763091434,12.0
3,0.5333333333333333,0.49458216175772785,15.0
4,0.8888888888888888,0.912258401950231,9.0
5,0.0,0.04707050268267543,7.0
6,0.0,0.14881448942249653,10.0
7,0.909090909090909,0.9390190847648586,22.0
8,0.9545454545454545,0.9413656840624711,308.0
9,0.0,0.0038695180016603548,6.0
10,0.6666666666666667,0.6666205496834449,12.0
