Action,Estimated Action Values,True Action Values,Number of Times Chosen
1,0.14285714285714288,0.08607891767972164,21.0
2,0.6666666666666666,0.3645054168258395,3.0
3,0.56,0.6139660047116602,50.0
4,0.12500000000000003,0.41650215564377835,8.0
5,0.8736842105263162,0.8625896555735101,855.0
6,0.7272727272727272,0.700202180453287,11.0
7,0.30000000000000004,0.6790811363314286,10.0
8,0.5454545454545454,0.7111424743769993,11.0
9,0.8636363636363635,0.8511036984108474,22.0
10,0.0,0.07381697398074216,9.0
