Action,Estimated Action Values,True Action Values,Number of Times Chosen
1,0.6499999999999999,0.6079607229447005,40.0
2,0.33333333333333337,0.21139707866027369,6.0
3,0.7999999999999999,0.749851062451712,15.0
4,0.25,0.24517419252368378,8.0
5,0.9615384615384615,0.921621159240555,26.0
6,0.0,0.16523767791052257,7.0
7,0.9473684210526314,0.8922785375097684,19.0
8,0.9896073903002308,0.9891512615130462,866.0
9,0.5714285714285714,0.41949643603234266,7.0
10,0.5,0.39456825623947533,6.0
