Action,Estimated Action Values,True Action Values,Number of Times Chosen
1,0.8333333333333333,0.8377497067919756,12.0
2,0.9693989071038254,0.9718793105678102,915.0
3,0.6923076923076922,0.8016553324368502,13.0
4,0.923076923076923,0.8608330431589691,13.0
5,0.2,0.1804434917124933,5.0
6,0.0,0.0006490276889959956,12.0
7,0.0,0.016027984503108716,8.0
8,0.4285714285714286,0.6666814601438564,7.0
9,0.25,0.5527991379896438,4.0
10,0.7272727272727272,0.8306237667333687,11.0
