Action,Estimated Action Values,True Action Values,Number of Times Chosen
1,0.7804878048780485,0.8281604488069352,41.0
2,0.14285714285714285,0.14927097283472812,14.0
3,0.3,0.4147474596807762,10.0
4,0.25000000000000006,0.22323161091886146,8.0
5,0.0,0.07019399383251945,13.0
6,0.8333333333333334,0.5908667470351525,6.0
7,0.18181818181818185,0.34218261952533946,11.0
8,0.0,0.24406146520355254,11.0
9,0.5333333333333333,0.31560829464048035,15.0
10,0.8530424799081516,0.8608415393651211,871.0
