Action,Estimated Action Values,True Action Values,Number of Times Chosen
1,0.21428571428571425,0.22455535902702028,14.0
2,0.2727272727272727,0.33669894849954873,11.0
3,0.38095238095238093,0.35025698993785315,21.0
4,0.14285714285714288,0.14496430083820966,7.0
5,0.8421052631578946,0.8280242958314968,19.0
6,0.761904761904762,0.8142748218701228,21.0
7,0.9007981755986312,0.9069449811462137,877.0
8,0.625,0.5732467119308304,8.0
9,0.5,0.12713377737916842,6.0
10,0.8125,0.7447283265048694,16.0
